Index,created_at,tweet,likes,retweet_count
384511,2020-11-01 02:06:41, Sorry I couldn’t join JudgeJeanine tonight but did you see those realDonaldTrump rallies I saw them firsthand amp I know the Midwest amp South are Trump country Now get out there amp vote and get your neighbor to vote ,16154.0,3243.0
403434,2020-11-01 18:46:21, MASSIVE Trump vehicle convoy brings the Garden State Parkway to a standstill in deeply blue New Jersey ,3504.0,1349.0
410648,2020-11-01 22:40:24, Don t listen to mainstream media hollywood and democrats just look at thousands of Americans showing up for Trump Click link gt ,4754.0,986.0
392806,2020-11-01 12:20:52, WHY PEOPLE ARE GOING TO VOTE FOR TRUMP,1753.0,827.0
385328,2020-11-01 02:53:26, No doubt Trump has strong enduring appeal in PA It won’t be easy for Biden to overcome it no matter the polls Pretty much everything outside of pgh and philly and near suburbs remains Trump territory Bidenites say he’ll win by holding down red county Trump 2016 margins ,2294.0,621.0
