Index,created_at,tweet,likes,retweet_count
298112,2020-11-02 15:25:15, Good morning PENNSYLVANIA I’m so excited to see you today and SING for you I believe in 🎶 YOU amp I 🎶 Let’s talk about what America looks like with a KINDER President WE NEED EVERY VOTE❤️ I’m with JoeBiden —Lets go 24 hrs Biden AmericaNeedsPennsylvania,126772.0,14024.0
299807,2020-11-02 16:31:00, 10 000 cash give giveaway If either Presidential Candidate gets 366 or more electoral votes Obama had 365 in 2008 in Election2020 Ill give 10 lucky followers 1000 each Must follow me RT amp Like this to be eligible DakotaCashBombGiveAway Biden Trump Will do live draw ,1209.0,1190.0
310416,2020-11-02 23:23:37, realDonaldTrump angry that he couldn’t rush a vaccine He thrives on riots a result of his own divisive rhetoric I won’t forget he amp WH staff celebrating hurting people in LafayetteSquare Biden will empower Fauci so that we CAN see our loved ones Stop the lying ⬇️ vote,4154.0,939.0
303409,2020-11-02 18:37:58, REPOST RUSH LIMBAUGH JUST SAID THAT SOMETIME TOMORROW WHILE PEOPLE ARE STILL VOTING A NETWORK WILL CALL THE RACE FOR JOE BIDEN DON T LISTEN KEEP ON VOTING SHARE THIS POST,831.0,746.0
288693,2020-11-02 03:30:00, TomFitton Big Tech amp Media SUPPRESSING Biden Burisma Scandal They re Deceiving the Public Read more at,1732.0,604.0
