Index,created_at,tweet,likes,retweet_count
437052,2020-11-02 15:58:11, BLACK GRANDMOTHERS FOR PRESIDENT TRUMP GO VOTE Trump2020LandslideVictory Trump VoteForTrump VOTE,8412.0,2473.0
417966,2020-11-02 03:10:57, We will not know the true winner of this election on Election Night media MUST make this clear to voters Trump cannot be allowed to crown himself victor Tuesday night nor can we allow the election to fall into the hands of the now completely politicized SCOTUS BushvGore2000,11914.0,1863.0
438240,2020-11-02 16:31:00, 10 000 cash give giveaway If either Presidential Candidate gets 366 or more electoral votes Obama had 365 in 2008 in Election2020 Ill give 10 lucky followers 1000 each Must follow me RT amp Like this to be eligible DakotaCashBombGiveAway Biden Trump Will do live draw ,1200.0,1180.0
430232,2020-11-02 12:49:05, Cartoon for TorontoStar trump TrumpVirus TrumpCollapse ElectionDay Election2020,4031.0,1155.0
445524,2020-11-02 19:13:41, Yale psychiatrist tweets then deletes post suggesting Trump is worse than Hitler TDS is real,2810.0,1083.0
