Index,created_at,tweet,likes,retweet_count
337015,2020-11-03 17:20:58, In his own words on his own Twitter feed JoeBiden pledges to end the SecondAmendment 👇🏼,16819.0,8678.0
343145,2020-11-03 19:55:57, The big fight TODAY realDonaldTrump vs joebiden who you got merica 🇺🇸 🇺🇸,22641.0,2543.0
314601,2020-11-03 02:33:21, For those still deciding whether to give JoeBiden your vote here s a little story that shows what he s like and why he deserves your trust Over nearly a decade of staffing JoeBiden we took a number of helicopter flights in Afghanistan lt 1 gt ,5156.0,1907.0
331043,2020-11-03 14:49:12, Palestinian Authority reportedly in talks with Biden Campaign,1316.0,952.0
347402,2020-11-03 21:50:54, This is why i voted for joebiden,2472.0,748.0
