Index,created_at,tweet,likes,retweet_count
485448,2020-11-03 13:05:39, Go out and vote realDonaldTrump Election2020 MAGA MAGA2020 Trump Trump2020,11661.0,2305.0
465601,2020-11-03 03:18:39, People keep getting stranded at Trump rallies with no vans or buses to take them back to their cars What s that saying Fool me once shame on you fool me every day for four years running maybe I shouldn t even be allowed to own a fork ”,15598.0,1576.0
484273,2020-11-03 12:42:03, Porter Township Hall this morning in Van Buren County Michigan I’ve never had to wait in a line longer then 6 people when voting at my precinct any year in the past Seem like a lot of Trump voters are ready for their voices to be heard today MAGA,4509.0,1465.0
495027,2020-11-03 15:48:29, If Joe Biden wins then the unemployment rate will go up up and millions will be jobless So if you want to keep your job pay your rent and feed your children then vote for President realDonaldTrump Trump Trump2020 ElectionDay Election2020 ElectionNight,7388.0,1382.0
520129,2020-11-03 22:38:14, Today my dad voted for what will be his last election ever😭 It really hit me this morning He is terminal with cancer and this week we received some devastating news He hasn’t been able to walk for months now but today he with assistance proudly walked in and voted for Trump,7121.0,1362.0
