Index,created_at,tweet,likes,retweet_count
463343,2020-11-05 04:37:25, My best vote counter source in PA now predicting final Biden victory margin of 200K 300K That’s a tick up from a few hours ago ,20967.0,2445.0
475620,2020-11-05 12:16:48, Based on remaining votes in Pennsylvania math shows Biden will over take Trump’s lead of 165k just from 2 counties Philadelphia amp Allegheny amp then surpass him from votes in Delaware Buck amp Montgomery Giving Biden 20 delegates the Presidency amp the Blue Wall back to Dems,10972.0,1424.0
453557,2020-11-05 00:30:00, TomFitton Big Tech amp Media SUPPRESSING Biden Burisma Scandal They re Deceiving the Public Read more at,2040.0,778.0
455258,2020-11-05 01:09:43, THE NEXT PRESIDENT OF THE UNITED STATES JOE BIDEN gave me chills 😲🥶 USElection2020 Biden AmericaDecides AmericaDecides2020 BidenHarrisToEndThisNightmare,4350.0,773.0
498292,2020-11-05 23:32:17, CNN just confirmed that Biden won Erie County a PA bellwether for the last 40 years ,4931.0,708.0
