Index,created_at,tweet,likes,retweet_count
668693,2020-11-05 05:56:39, So Joe Biden received more votes than Obama I may have been born at night but not last night TrumpvsBiden Elections2020 ElectionResults2020 Trump Trump2020,17706.0,3594.0
665909,2020-11-05 04:37:37, In 2012 President realDonaldTrump warned us about voter fraud This is old news to him he knew this was going to happen He tried to tell us RT show the world TrumpvsBiden Trump Trump2020 DonaldTrump ElectionResults2020 ElectionDay2020 Election2020,7888.0,2360.0
667457,2020-11-05 05:22:24, Look at this beauty I thought California already counted all the ballots I guess not realDonaldTrump latimes RealJamesWoods kirstiealley ReutersUS ABC7 CBSLA NBCLA DonaldTrump JoeBidenKamalaHarris2020 Elections2020 ElectionResults2020 Cali,2868.0,2272.0
661837,2020-11-05 02:51:48, Those who want Trump to lose Pls retweet ,2399.0,1507.0
704165,2020-11-05 18:46:43, Trump If You Count The Legal Votes I Easily Win The Election ,4844.0,1161.0
