Index,created_at,tweet,likes,retweet_count
536374,2020-11-06 16:31:06, America Assembled 🇺🇸🎉 JoeBiden KamalaHarris BarackObama ChrisEvans MarkRuffalo RobertDowneyJr brielarson AOC staceyabrams michaelb4jordan Russo Brothers Election2020 ElectionResults2020 joebiden DonaldTrump BidenHarris2020 avengers endgame,74528.0,20615.0
515648,2020-11-06 09:44:13, Biden takes lead in Georgia,28367.0,2206.0
506642,2020-11-06 04:01:00, TomFitton Big Tech amp Media SUPPRESSING Biden Burisma Scandal They re Deceiving the Public Read more at,2348.0,958.0
526584,2020-11-06 14:09:33, PA flips blue joining GA Biden on the verge of 270 Team Trump now debates challenges ,5914.0,603.0
535752,2020-11-06 16:19:09, There is no way that JackAssJoe won Arizona SantaThug PresidentT Trump2020 TrumpWins2020Election realDonaldTrump DanScavino WhiteHouse SecretService BidenCrimeFamilly Biden,898.0,571.0
