Index,created_at,tweet,likes,retweet_count
837374,2020-11-07 15:02:34, hi guys so realDonaldTrump is in the white house constantly searching twitter atmo and for a laugh i’d love to manipulate the algorithm so he sees this pic of mick hucknall pls retweet biden trump USElectionResults2020 VoteForTrump TrumpMeltdown Trump2020,7653.0,6272.0
905639,2020-11-07 22:29:57, I admit I’m sad to see this happen because so many people might harm themselves when they find out Joe Biden and Kamala Harris will not be in the White House because of Voter Fraud Trump Trump2020 Election2020 Election2020results bidenharis2020 is a scam,10839.0,2084.0
818751,2020-11-07 04:36:44, trump wants to throw out military ballots Why Do they have bone spurs ,23225.0,1851.0
884030,2020-11-07 19:22:55, I m not a Trump supporter but BigTech has cast a shadow over Biden s win Read this letter sent Thurs by 3 US Senators to Google s CEO about disturbing pro liberal bias we found in our 2020 ElectionMonitoring project We found a SmokingGun ,3375.0,1689.0
858481,2020-11-07 17:21:48, POTUS was at his golf club here when CNN called race for Biden 299th visit as president to a trump golf club Karma,11077.0,1613.0
