Index,created_at,tweet,likes,retweet_count
570328,2020-11-07 15:02:34, hi guys so realDonaldTrump is in the white house constantly searching twitter atmo and for a laugh i’d love to manipulate the algorithm so he sees this pic of mick hucknall pls retweet biden trump USElectionResults2020 VoteForTrump TrumpMeltdown Trump2020,7679.0,6302.0
573490,2020-11-07 16:27:13, CONGRATULATIONS AMERICA cnn calls it for Biden ,28696.0,2257.0
573372,2020-11-07 16:27:00, 273 and Counting Biden wins Harris will make history as VP ,13322.0,2106.0
664426,2020-11-07 19:22:55, I m not a Trump supporter but BigTech has cast a shadow over Biden s win Read this letter sent Thurs by 3 US Senators to Google s CEO about disturbing pro liberal bias we found in our 2020 ElectionMonitoring project We found a SmokingGun ,3381.0,1691.0
617922,2020-11-07 17:21:48, POTUS was at his golf club here when CNN called race for Biden 299th visit as president to a trump golf club Karma,11080.0,1613.0
