Index,created_at,tweet,likes,retweet_count
959646,2020-11-08 17:40:40, JoeBiden claims to have a mandate from all Americans This is how Election2020 s map by county looks like America is RED Joe don t forget that You can t blacklist all the country for voting Trump Click gt ,2651.0,1098.0
931823,2020-11-08 02:49:21, Is there anything more swamp like than a handful of so called Republicans lobbyists and consultants really who betray a Republican president raise 67M to turn Republicans against him predictably fail in this undertaking Trump took record GOP vote and then pocket 67M ,1830.0,937.0
913916,2020-11-08 00:39:22, The blue wave has reached its peak amp zenith The red shall rise swallow it up amp overwhelm it JoeBiden s dreams shall be dashed his victory annulled amp his celebrations shortlived realDonaldTrump shall do a 2nd term amp the Lord s name shall be glorified DonaldTrump,3370.0,856.0
955649,2020-11-08 15:41:39, Criminal Keep the Faith We have God on our side The Truth will Prevail LegalVotesOnly Trump,2628.0,710.0
949727,2020-11-08 12:45:42, I wanted Trump to win the election If he loses fairly I’ll accept the result and I won’t spend the next four years bellyaching about it However if there is evidence of fraud and there appears to be plenty it must be thoroughly investigated ,2912.0,653.0
