Index,created_at,tweet,likes,retweet_count
713542,2020-11-08 03:25:28, Wonderful speeches tonight by President and Vice President elect JoeBiden and KamalaHarris I was moved to tears several times for the weight of all the history we have on our shoulders being lifted if only for a little while Did you see them Wasn’t it wonderful ,59345.0,2838.0
710944,2020-11-08 02:20:08, I watched that speech and I’m crying not bc I think JoeBiden is the answer to everything but bc it occurs to me how oppressed depressed traumatized and terrified many of us have felt for the last four years Feels nice to feel hope again BidenHarris2020 Election2020,10222.0,1130.0
741500,2020-11-08 01:40:26, Schischillyy dawn41764 86 of the Navajo Nation in arizona voted for biden Their 76 000 votes made the difference ,8769.0,1114.0
750817,2020-11-08 04:56:05, Just dawned on me—For the first time in years US will have someone who likes evidence governs using science won’t peddle quack theories and drugs will fact check statements and accept fact check corrections amp will put reality before imaginary conspiracies REFRESHING Biden,6529.0,748.0
776516,2020-11-08 23:30:00, JudicialWatch President TomFitton with RudyGiuliani Did Big Tech Violate Anti Trust Laws by Censoring the Biden Burisma Scandal Watch the full interview ,1883.0,718.0
