Index,created_at,tweet,likes,retweet_count
8509,2020-10-15 12:50:14, Turn out Trump aides gave WallStreet a heads up on how serious the virus was going to be so they could profit by “shorting everything” all the while assuring MainStreet that it was “very much under control ” How much more proof do we need The whole gang should be LOCKEDUP,10327.0,2849.0
1283,2020-10-15 01:21:51, THIS is UNCONSCIONABLE Trump pulled out of the scheduled townhall Biden KEPT HIS COMMITMENT amp HIS WORD and moved forward Now nbc nbcnews is going to REWARD 45 for breaking his commitment and be an accomplice to his attempt to screw over Biden BoycottNBC BoycottMSNBC,6431.0,2384.0
7710,2020-10-15 11:47:55, PEACOCKY BETRAYAL Tonight some will watch Trump distract And create an alternative fact but NBC’s depraved cuz when asked they caved And betrayed their Fairness contract TrumpIsALoser NBCIsTrumpsAccomplice NBCBlackout TraitorInChief,1249.0,650.0
1960,2020-10-15 02:11:02, The FBI has lost the trust of the American people There are 17 intelligence agencies That is 16 more than we need Shut down the FBI HunterBiden HunterBidenEmails JoeBiden Vote Trump💥,807.0,428.0
3719,2020-10-15 04:17:42, BREAKING Australian Federal Police will NOT prosecute Australian journalist DanielMOakes for reporting on AfghanFiles war crimes Reason Prosecuting journalists is not in the public interest Trump admin should now follow suit amp drop charges against my son Julian ,661.0,410.0
