Index,created_at,tweet,likes,retweet_count
10623,2020-10-15 17:09:02, The cowards at Twitter locked me out for exposing the Biden criminal cabal Thank you jack for enabling this to backfire on you and for making CrookedJoeBiden trend Please my friends join me in that effort and use CrookedJoeBiden in every tweet you post ,143454.0,63473.0
1241,2020-10-15 01:21:51, THIS is UNCONSCIONABLE Trump pulled out of the scheduled townhall Biden KEPT HIS COMMITMENT amp HIS WORD and moved forward Now nbc nbcnews is going to REWARD 45 for breaking his commitment and be an accomplice to his attempt to screw over Biden BoycottNBC BoycottMSNBC,6431.0,2384.0
2154,2020-10-15 02:33:57, That’s right Watch Biden on abc ,3425.0,1043.0
6381,2020-10-15 12:14:53, If Twitter won t let you post the link Save this image and then post it HunterBidenEmails HunterBiden JoeBiden,1332.0,958.0
13567,2020-10-15 20:08:57, The extrajudicial execution in Portland by US Marshalls amp DictatorTrump praise of it amp of Duterte s mass executions in Philippines shows his true colors RT video warning of Trump in his own words expressing fascism awaiting us if he steals this election VoteInPerson Biden,1013.0,943.0
