Index,created_at,tweet,likes,retweet_count
21248,2020-10-16 01:24:00, Why can’t NBCNews choose a professional seasoned moderator so the president can answer questions without her interrupting him every moment The moderator is supposed to be neutral Her hostility is so evident SavannahGuthrie Trump,14420.0,5324.0
20849,2020-10-16 01:13:26, Going from the Trump town hall to the Biden town hall is like changing channels from The Terminator to On Golden Pond TownHall SleepyJoeBiden trump,7347.0,2542.0
42841,2020-10-16 23:40:40, DonaldTrump sickened his wife his child and 30 members of his own staff through utter negligence and selfishness What if his son had an undiagnosed condition and had died Would he take responsibility Please ,12021.0,1713.0
21924,2020-10-16 01:45:16, 1 THREAD In case you were wondering Trump was high again during the Town Hall event in Miami UPDATE DonaldTrump • DilatedPupils Alert • 15 October 2020 • Town Hall Miami FL • Pupils dilated 6 5 mm right eye 7 0 mm left eye diameter,3990.0,1665.0
22033,2020-10-16 01:48:50, Why would any thinking American ever vote for hideous DonaldTrump He’s killed 220 000 million of us He wants to take healthcare away from 30 million people DURING A FUCKING PANDEMIC Who does that And why Because people’s lives aren’t terrible enough they must be worse ,6519.0,1194.0
