Index,created_at,tweet,likes,retweet_count
57281,2020-10-17 20:43:28, I ran into this 90 year old veteran handing out Trump signs here in Tampa FL I asked him why he’s supporting realDonaldTrump his answer will FLOOR you THIS is the energy for Trump in Florida RT ,5429.0,2102.0
56303,2020-10-17 19:35:01, HEY DEMOCARATS PLEASE join me in giving to HarleyRouda He flipped CA48 Blue after 30 years and has passed more bills in 1 year than his predecessor did in 30 His oppponent is a mini Trump SHE is behind the illegal fake dropboxes in the OC that the Atty Gen Thread ,2137.0,980.0
43977,2020-10-17 01:05:06, Trump is counting the days amp so are we Has everyone gone to to donate volunteer Likewise for the Senate your state local races All politics is local amp ALL CRITICAL Keep uniting FOLLOW ALL who Like RT Cmt Resist Biden2020 BlameTrump,1512.0,839.0
45667,2020-10-17 03:32:22, JoeBiden showed loving concern for Hunter his troubled damaged son in emails cruelly surfaced by nypost Trump’s campaign and Putin’s hackers Their scheme will backfire Putrid viciousness stands in contrast to unconditional love a good father’s decency will triumph ,2806.0,556.0
53868,2020-10-17 16:52:23, Dear Mr Trump amp RNC Have you seen the election results from New Zealand jacindaardern amp her Labor Party took everything in a landslide She stopped COVID19 w rapid tough lockdowns amp testing She donned a hajib in solidarity with victims of white terrorism Lessons there ,1236.0,402.0
