Index,created_at,tweet,likes,retweet_count
34493,2020-10-17 02:31:30, BREAKING Fox News Source Confirms JoeBiden Financially Benefited From Chinese Deals As Vice President,2936.0,1553.0
35038,2020-10-17 03:30:00, “ Obama JoeBiden amp their top intel officers huddled in the Oval Office shortly before realDonaldTrump was inaugurated to discuss what they would do about this new President they despised ” TomFitton in Breitbart ,2144.0,1072.0
43610,2020-10-17 22:30:00, The Ukrainian Embassy under Yovanovitch was monitoring social media accounts of Fox News hosts the president s son etc about what they were saying about Burisma We want to know why want more information because Biden is still being protected by the State Dept TomFitton ,2024.0,1051.0
34157,2020-10-17 02:04:47, I BlameTrump for not being able to see my elderly mother more often for decimating my Thanksgiving plans for making me fearful of stepping out my door JoeBiden in charge would change all of this to BuildBackBetter ,1299.0,638.0
43351,2020-10-17 21:57:54, Isn t it another smear to attack this reporter like you just did JoeBiden He s doing his job Therefore there is no need to insult him especially given that you criticize your competition for the exact thing YOU JUST DID ,1681.0,611.0
