Index,created_at,tweet,likes,retweet_count
46652,2020-10-18 05:58:45, JoeBiden rally ScrewThePolls,15525.0,6005.0
54188,2020-10-18 22:53:43, A man who has refused to release his taxes to the public has the brass balls to claim that JoeBiden will raise your taxes Joe will raise taxes but only in corporations who currently pay ZERO and BILLIONAIRES Don’t forget asshole Trump paid 750 00 in taxes last year ,11668.0,2378.0
44669,2020-10-18 00:35:57, Facts Biden voted against gay marriage as recently as 06 and once alleged gays were national security threats Trump supported gay marriage from day one launched a global campaign to decriminalize homosexuality appointed first openly gay cabinet member in RichardGrenell ,725.0,534.0
50789,2020-10-18 16:30:00, Burisma Executive Emailed Hunter Biden about Meeting Dad Using Influence On Behalf of Burisma JudicialWatch President TomFitton Read more Watch more ,1067.0,530.0
49737,2020-10-18 15:00:01, Judicial Watch announced it filed a FOIA lawsuit in the U S District Court for the D C against the U S Department of Homeland Security DHS for records relating to travel by HunterBiden son of former Vice President JoeBiden Read ,1110.0,498.0
