Index,created_at,tweet,likes,retweet_count
76628,2020-10-18 22:53:43, A man who has refused to release his taxes to the public has the brass balls to claim that JoeBiden will raise your taxes Joe will raise taxes but only in corporations who currently pay ZERO and BILLIONAIRES Don’t forget asshole Trump paid 750 00 in taxes last year ,11670.0,2379.0
63340,2020-10-18 04:35:43, Another vet of the DOJ quits accusing AG billbarr of abusing his power to sway the election for trump “His resentment toward rule of law prosecutors cannot be ignored he seems determined to turn our democracy into an autocracy ” philipHalpern Federal Prosecutor San Diego ,7235.0,2244.0
68466,2020-10-18 14:24:21, 🗣Pro Trump Union Blasts Biden for Lying About Endorsement While Biden claimed to have sat down with union leaders It never happen Biden s criticism to fracking led Local 154 the largest local chapter of boilermakers in the country to endorse Trump👏🏻,1859.0,1669.0
75122,2020-10-18 21:08:55, Let me tell you the enthusiasm for realDonaldTrump is a level I’ve never experienced before People of all races and backgrounds were there and one of the most patriotic experiences All to welcome our president to OC RichardGrenell FourMoreYears MAGA KAG TRUMP,1977.0,898.0
73191,2020-10-18 18:50:43, Donald Trump has at least 1 Billion in debt more than twice the amount he suggested The president’s liabilities are spelled out in dozens of documents published by Forbes Election2020 DonaldTrump,1623.0,801.0
