Index,created_at,tweet,likes,retweet_count
56345,2020-10-19 03:00:00, The Ukrainian Embassy under Yovanovitch was monitoring social media accounts of Fox News hosts the president s son etc about what they were saying about Burisma We want to know why want more information because Biden is still being protected by the State Dept TomFitton ,2477.0,1253.0
61251,2020-10-19 16:31:30, BREAKING Dilley Show JoeBiden DevinArcher Burisma Oil Exec amp fellow HunterBiden board member pic from meeting Biden scrubbed from the internet The mtg Eisenhower Rm from where VP has an office that NEVER happened and isn t on his schedule apparently took place ,833.0,785.0
61507,2020-10-19 16:57:28, Former VP JoeBiden just received an endorsement from RollingStone Magazine says JoeBiden’s platform offers progressive solutions to every major problem facing the country and he has the experience to put those principles into practice READ ,1941.0,510.0
65483,2020-10-19 23:56:32, Election Poll Who are you voting for on November 3rd for President of the United States Follow me polls unbiased Retweet and I ll follow back poll USA UnitedStates Trump realDonaldTrump Biden JoeBiden Jorgensen Jorgensen4POTUS HowieHawkins HowieHawkins Vote,172.0,349.0
56862,2020-10-19 04:26:24, Why don t you write about JOEBIDEN SUBMARINE island Yes he owns part of an ISLAND ,624.0,331.0
