Index,created_at,tweet,likes,retweet_count
96542,2020-10-19 23:07:52, Hey MAGA Patriots this video is dedicated to all of you Please watch amp retweet ❤️🇺🇸 realDonaldTrump TRUMP TRUMP2020ToSaveAmerica MAGA2020 KAG KAG2020 MAGA2020LandslideVictory KAG2020LandslideVictory BlackVoicesForTrump TrumpPride WalkAway MondayMood TuesdayThoughts,3532.0,1799.0
90711,2020-10-19 18:45:11, Trump just called the press criminals for not reporting on CrookedJoeBiden,3416.0,1433.0
85342,2020-10-19 13:34:07, 41 insiders were interviewed by washingtonpost to produce this horrifying stark acct of the inner workings of the WhiteHouse Coronavirus Task Force No matter how badly you thought the Trump admin was mishandling the pandemic this expose will shock ,1603.0,1076.0
86868,2020-10-19 15:19:09, Just out How BigTech is Working on Stealing the Presidential Election From Trump all about my work To learn more about or to support my work visit,532.0,420.0
79135,2020-10-19 02:05:05, I care as much about whats in HunterBidensLapTop as Trump supporters did about his hands in women’s pu ys TeamDl,2277.0,377.0
