Index,created_at,tweet,likes,retweet_count
66842,2020-10-20 02:03:00, The Ukrainian Embassy under Yovanovitch was monitoring social media accounts of Fox News hosts the president s son etc about what they were saying about Burisma We want to know why want more information because Biden is still being protected by the State Dept TomFitton ,3433.0,1785.0
70894,2020-10-20 13:29:47, My country matters to me this isn’t leadership This is a failed moment and the country needs to do better joebiden is the guy right now for me ProjectLincoln Sr Advisor MichaelSteele endorses Biden LincolnVoter AmericaOrTrump,4781.0,1506.0
66200,2020-10-20 01:00:01, President realDonaldTrump was absolutely right to ask Ukraine about the JoeBiden corruption issues and Burisma JudicialWatch President TomFitton Watch more Read here ,1907.0,757.0
76614,2020-10-20 22:55:03, If you don’t see anything done by Friday regarding HunterBiden nothing will ever Let me try to make this very clear It is not about Hunter Biden It is about three decades of systematic political corruption at the highest levels involving JoeBiden That’s what it’s about ,1598.0,642.0
65914,2020-10-20 00:34:01, “There’s some pretty…disgusting things this family was involved with ” RudyGiuliani revealed that “there’s more coming out” after the NYPost’s report on alleged communication about a meeting between then VP JoeBiden and a Burisma official ,937.0,569.0
