Index,created_at,tweet,likes,retweet_count
116192,2020-10-20 23:40:29, LIVE President Donald Trump in Erie PA Pennsylvania Trump Text VOTE to 88022,8003.0,2301.0
101244,2020-10-20 04:11:38, Now we know why FaceBook censored Hunter Biden news Zuck is actually buying votes Zuckerberg money used to massively grow vote in Democrat stronghold Philadelphia Privatizing an election function that should be handled entirely by govt Trump,626.0,818.0
106123,2020-10-20 12:43:01, 👇🏽👇🏽They’re counting on you to be uninformed JohnJamesMI is a Trump supporting MAGA2020 Republican ,1241.0,774.0
108710,2020-10-20 15:47:26, I don t think social media realised the love the world has for DONALD J TRUMP he has a huge army of digital warriors all over the world realDonaldTrump TRUMP EVEN A POWER CUT COULDN T STOP US ADD YOUR COUNTRY BELOW ENGLAND 👇👇👇👇👇👇,1937.0,479.0
115704,2020-10-20 23:13:08, Watch this clip If you are one of the millions of Democrats that are convinced Trump amp RNC will retake WhiteHouse with illegal shenanigans Bob Bauer will lower your anxiety a few notches An army of more than 10 000 attorneys is trained deployed and ready ,1329.0,472.0
