Index,created_at,tweet,likes,retweet_count
84608,2020-10-21 15:39:52, None whatsoever Biden fumed “It s a last ditch effort in this desperate campaign to smear me and my family JoeBiden when asked if there were any truth to the HunterLaptop corruption evidence 😂😂😂,10731.0,4147.0
86485,2020-10-21 18:23:56, If JoeBiden were elected President could he be impeached and convicted of crimes he committed while serving previously as Vice President ,13363.0,4114.0
87805,2020-10-21 20:10:16, Joe Biden with a Parkland Shooting family The boy lost his dad in the shooting Can you imagine Donald Trump doing this He doesn t have it in his character JoeBiden a truly compassionate empathetic kind soul we need that right now Our country needs it now VoteBiden,8370.0,1508.0
79432,2020-10-21 03:00:01, President realDonaldTrump was absolutely right to ask Ukraine about the JoeBiden corruption issues and Burisma JudicialWatch President TomFitton Watch more Read here ,2262.0,906.0
79645,2020-10-21 03:25:01, “There’s some pretty…disgusting things this family was involved with ” RudyGiuliani says “there’s more coming out” after the NYPost’s report on alleged communication about a meeting between then VP JoeBiden and an official from Burisma ,997.0,504.0
