Index,created_at,tweet,likes,retweet_count
101169,2020-10-22 17:56:21, Trump exposes media bias tells ’60 Minutes’ Leslie Stahl ‘You’re protecting’ Biden The interview was fiery and Trump didn’t back down despite Stahl’s condescending attitude with the President as he attempted to answer her questions ,4784.0,1576.0
103591,2020-10-22 20:45:52, 🤣BUMS for Biden “Bums respect Biden because he spent 47years in politics amp got paid to do NOTHING which is pretty much what us bums do too so we really stand behind a man like that” It’s funny because it’s TRUE Vote RED Re elect realDonaldTrump,1217.0,840.0
105276,2020-10-22 22:30:00, TomFitton President realDonaldTrump Was Impeached to Protect HillaryClinton amp JoeBiden from Corruption Scandals Read more at Watch more ,1163.0,443.0
106281,2020-10-22 23:29:21, If only this were true Cartoon for Debates2020 TrumpMeltdown TrumpIsNotWell TrumpRally Biden,1854.0,340.0
106262,2020-10-22 23:28:49, Hello Twitterverse — I ll be live tweeting my BodyLanguage analyses of both Joe Biden and Donald Trump during tonight s PresidentialDebate Stay tuned BodyLanguageExpert,2090.0,326.0
