Index,created_at,tweet,likes,retweet_count
151225,2020-10-22 17:56:21, Trump exposes media bias tells ’60 Minutes’ Leslie Stahl ‘You’re protecting’ Biden The interview was fiery and Trump didn’t back down despite Stahl’s condescending attitude with the President as he attempted to answer her questions ,4789.0,1576.0
154814,2020-10-22 20:41:16, BREAKING A Senior Trump Administration Official Says FBI Director ChristopherWray Will Likely Exit Immediately After The November 3rd Election No Official Word From TheJusticeDept or FBI ,1788.0,668.0
154024,2020-10-22 20:04:07, Fox News Trump to bring HunterBiden associate as guest to debate,2740.0,609.0
147310,2020-10-22 14:24:07, Just a little twest to see if t w a t t er is blocking our retweets WE LOVE TRUMP TRUMP2020 SET THE WORLD FREE DEBT JUBLIEE TRUMP if you can see this type YES and hit retweet twice rt retweet 👈👈👈👈👈👈,1028.0,561.0
138476,2020-10-22 01:27:10, Some Trump supporters at His rally tonight I Love The suit🤗 If ObamaWasBetterAtEverything Why did America Vote in Trump TrumpToSaveAmerica realDonaldTrump Trump,1438.0,540.0
