Index,created_at,tweet,likes,retweet_count
196163,2020-10-23 14:34:58, ATTN While you were sleeping Trump issued an edict that eliminates job protections for tens of thousands maybe millions of federal employees all involved in policy making It paves the way for a mass firing of govt employees MORE,14290.0,5135.0
196527,2020-10-23 14:50:37, Rep Ocasio Cortez offended by Trump calling her AOC during Thursday s debate Sounds like someone needs a safe space ,9784.0,1851.0
178345,2020-10-23 02:43:01, Who won the debate 2020debate Debate2020 debate trump Biden Election2020 election MAGA BuildBackBetter trump2020 biden2020 RETWEET TO SPREAD POLL,872.0,1813.0
159771,2020-10-23 00:29:39, Beyond blessed to watch one of best POTUS Trump at PresidentialDebate2020 Debates2020 with my boy KidRock TRUMP MTHA FUCKAS 🚂🇺🇸🇺🇸🇺🇸🇺🇸,8582.0,1299.0
201555,2020-10-23 18:00:07, 🇺🇸Will The AMISH PAC Swing Pennsylvania amp Ohio For Trump Today the Amish PAC set up in 2016 100 000 plus is skyrocketing in this historical election year due to the enthusiastic responses from the Amish women who are voting for the first time 👇🏽🇺🇸🇺🇸,2068.0,1114.0
