Index,created_at,tweet,likes,retweet_count
223920,2020-10-24 19:56:33, Experienced my first Trump parade today and this happened👇 Jason Editor of Skillset Magazine ,26039.0,12181.0
210024,2020-10-24 01:45:23, Today Trump tried to get Netanyahu to take a swipe at Biden on a phone call asking him if he thought Sleepy Joe could accomplish a deal like Jared did Since we re giving out nicknames which is better DesperateDonnie or NeedyGreedyTreatyWeenie ,13387.0,1519.0
223766,2020-10-24 19:47:44, Remember that Joe Biden has held public office for almost 5 decades He won t FIX the problem He IS the problem MAGA2020 Trump,1774.0,946.0
223856,2020-10-24 19:53:28, In the interest of 🛑 US National Security 🛑 please take the time to review this detailed report on Biden’s business with China The author is a friend of mine and is a reputable China expert and professor Biden Trump NationalSecurity,1872.0,904.0
211318,2020-10-24 03:17:04, Greetings from ghost town New York City where the TGIF crowds are so thick it s tough to maneuver your bike and elegant 5 star restaurants have waiting lists out to New Years Eve Just another Trump lie ,4964.0,897.0
