Index,created_at,tweet,likes,retweet_count
164946,2020-10-24 22:34:26, FINALLY JoeBiden is absolutely right about something I will always admit when someone is right about something Let’s give a listen shall we ,46313.0,18272.0
153878,2020-10-24 01:45:23, Today Trump tried to get Netanyahu to take a swipe at Biden on a phone call asking him if he thought Sleepy Joe could accomplish a deal like Jared did Since we re giving out nicknames which is better DesperateDonnie or NeedyGreedyTreatyWeenie ,13386.0,1519.0
160050,2020-10-24 16:00:00, “ Obama JoeBiden amp their top intel officers huddled in the Oval Office shortly before realDonaldTrump was inaugurated to discuss what they would do about this new President they despised ” TomFitton in Breitbart ,2070.0,1027.0
162959,2020-10-24 19:53:28, In the interest of 🛑 US National Security 🛑 please take the time to review this detailed report on Biden’s business with China The author is a friend of mine and is a reputable China expert and professor Biden Trump NationalSecurity,1873.0,904.0
161508,2020-10-24 17:57:56, VOTE BIDEN ,3607.0,606.0
