Index,created_at,tweet,likes,retweet_count
179985,2020-10-25 22:34:19, Say goodbye to this if you vote for JoeBiden And your 401K And your Social Security And your Medicare BidenCareNightmare,49031.0,15859.0
175973,2020-10-25 17:37:25, The lid is on How does the Biden campaign do this with a straight face We’re less than two weeks away from a presidential election and the Democratic candidate is literally hiding in the basement You wouldn’t believe it if you didn’t actually see it happening ,18632.0,6313.0
167821,2020-10-25 03:07:30, WOW Phone conversation between JoeBiden amp Ukrainian President Poroshenko 2 weeks AFTER 2016 election Hear it in HIS OWN WORDS Biden trying to protect his own assets Biden2020 MAGA2020 Trump2020 JennaEllisEsq DonaldJTrumpJr RealJamesWoods,6775.0,5352.0
179789,2020-10-25 22:14:58, JoeBiden assures Americans he’ll work hard for them every day He has also just announced that he will hide in his basement for the next nine days until the election Do the math folks ,10326.0,3637.0
176077,2020-10-25 17:45:22, Al Qaeda s second in command on FBI s most wanted list killed in Afghanistan reports Remember when JoeBiden was the only one in the Obama administration against killing OsamaBinLaden ,9815.0,2976.0
