Index,created_at,tweet,likes,retweet_count
232650,2020-10-25 09:23:39, NYC Someone just dropped a sh tload of TAR on the BLM mural in front of Trump tower 🤣 Deblasio is going to have a fit Epic ,17066.0,6850.0
229831,2020-10-25 03:14:47, As the last real President the US had said today “ DonaldTrump isn’t going to suddenly protect all of us He can’t even take the basic steps to protect himself ”,11840.0,1361.0
230417,2020-10-25 04:16:22, Here’s video of Kamala Harris committing a crime campaigning at a polling place LockHerUp Trump MAGA2020 SleepyJoe Kamala,1175.0,678.0
233180,2020-10-25 10:40:46, And I will say it again and again and again until realDonaldTrump loses in 10 days under Trump “there will never be a peaceful transition of power ” It’s not who he is ,3134.0,631.0
236576,2020-10-25 15:20:31, Biden said “I lived in section 8 housing as a little boy ” Joe was 32 years old when section 8 began in 1974 Never in the history of America have we seen someone rise to the level of running for President who lies about EVERYTHING Trump Trump2020 LyingJoeBiden,860.0,598.0
