Index,created_at,tweet,likes,retweet_count
245075,2020-10-26 00:08:24, The White House still has not released a health care plan 60Minutes Trump,25987.0,5986.0
256625,2020-10-26 15:28:38, Rasmussen Poll Trump ahead of Biden with 52 approval rating,18474.0,4283.0
263128,2020-10-26 20:25:32, Post debate poll Trump leads Biden by three points in Pennsylvania,17009.0,3409.0
245798,2020-10-26 00:41:04, The monster that is DonaldTrump has called KamalaHarris incompetent that’s hilarious He can barely read he paid someone to take his SATS and threatened ALL his schools if they released his grades If only they had We would have seen he’s been a failure all his life ,10086.0,1359.0
262576,2020-10-26 20:00:25, This is what “Made in America” means to Trump DonaldTrump BidenHarris2020Landslide PennsylvaniaForBiden,4927.0,1216.0
