Index,created_at,tweet,likes,retweet_count
202485,2020-10-27 17:00:10, BLM has raised over one billion dollars in the seven years since it was created Where is that money JoeBiden,31908.0,11139.0
196612,2020-10-27 03:16:27, Are you there God It s me Bette I m so scared God We have a fascist in the WhiteHouse a racist criminal who hates democracy denies science amp kills our citizens ElectionDay is next week What if he wins We won t have a country Please let JoeBiden win Thank you ,59403.0,7489.0
195745,2020-10-27 01:56:42, I know the confirmation of Barrett sucks There’s nothing we could’ve done about it However there is something we can do about Trump McConnell amp the rest of the traitors We can vote then out next week They won a battle we win the war The Republic Stands Biden,11540.0,2999.0
196777,2020-10-27 03:37:57, One more major question media are not pursuing Biden s financial disclosure reveals he earned over 16 million in income the last three years Yet he declares assets of only 1 5 million to 3 2 million Where s the other gt 12 million HunterGate BidenGate,1270.0,999.0
197991,2020-10-27 07:21:13, ☢️ NUCLEAR BLACKMAIL A TIMELINE ☢️ I ve just published a timeline for researchers investigative journalists which connects HunterBiden JoeBiden JohnKerry Hillary Russia Kazakhstan Iran amp the IranDeal JCPOA Happy Early Halloween ➡︎,1340.0,835.0
