Index,created_at,tweet,likes,retweet_count
295555,2020-10-28 06:02:59, Thousands of people left out in the cold and stranded in Omaha Nebraska after a Trump rally I’m told the shuttles aren’t operating amp there aren’t enough busses Police didn’t seem to know what to do Some walked I saw at least one woman getting medical attention ,22036.0,8731.0
295627,2020-10-28 06:08:32, The above video amp this one were taken around 10 15pm The Trump rally ended around 8 45pm Some just gave up and walked from the airfield back to wherever they parked It was about 32° out at the time Many had already spent hours outside as they waited for POTUS to arrive ,7991.0,2620.0
290915,2020-10-28 00:37:48, Joe Biden is a lying plagiarising corrupt crook He is guilty of multiple crimes against his own people and around the world Don’t dare tell me he’s the “lesser of two evils” And even if he was I would never back evil in either form That’s it That’s the tweet Biden Trump,3746.0,952.0
298397,2020-10-28 10:54:06, Anyone else feel the ObamaAdmin was one big money laundering operation and they targeted Flynn because he would have been able to expose it all to Trump ObamaBidenGate has taken on a whole new meaning to me today ,1120.0,593.0
312340,2020-10-28 21:53:01, Racist I think MSM should cover what is really going on under Trump As always he is fixing what the previous administration s had messed up ,492.0,484.0
