Index,created_at,tweet,likes,retweet_count
227565,2020-10-29 05:06:58, Facebook Twitter CEOs struggle to name a single ‘liberal’ censored on their platforms Behind the ‘liberal’ mask Big Tech is actually killing free speech taking sides in elections and colonising Internet USElection Biden Trump,2797.0,956.0
238266,2020-10-29 23:55:32, Follow the Ukraine cookie crumbs Biden BidenCrimeFamiily,1643.0,705.0
237931,2020-10-29 23:30:00, It s a FBI DOJ cover up They knew that Biden knew about Hunter Biden s business dealings in China and Ukraine There s no excuse for what s been going on JudicialWatch President TomFitton Read more at Watch more ,1790.0,702.0
235685,2020-10-29 20:37:25, My JoeBiden portrait created by stamping the word VOTE 🇺🇸 Biden BidenHarris2020 Biden2020 usa🇺🇸 American POTUS presidentialdebate president bidenforpresident joebiden bidenart popculture politics popart vote2020,2236.0,660.0
229932,2020-10-29 12:33:35, BREAKING PlausibleDeniability MSNBC reporting currently confirms that NO INFORMATION HAS BEEN FOUND CONTRADICTING TonyBobulinski s allegations of JoeBiden s involvement in HunterBiden s deals Had there been they would ve reported it Trump2020,960.0,552.0
