Index,created_at,tweet,likes,retweet_count
319180,2020-10-29 05:06:58, Facebook Twitter CEOs struggle to name a single ‘liberal’ censored on their platforms Behind the ‘liberal’ mask Big Tech is actually killing free speech taking sides in elections and colonising Internet USElection Biden Trump,2797.0,955.0
320266,2020-10-29 06:54:33, Nigel Farage endorses Trump as leader of the free world while Trump calls him the most powerful man in Europe Two delusional WhiteSupremacists displaying their inferiority complex for the world to see at ArizonaRally Same bullshit different century,3471.0,496.0
321988,2020-10-29 09:57:05, Joe Biden has shamed America Joe is a Con Man stole the hearts and souls of the American People On Nov 3rd let s put him in jail We can do this VOTE Trump,1663.0,454.0
325516,2020-10-29 13:53:46, The Democrats and media hate Trump because they fear him Unlike them Trump is authentic He can’t be bought can’t be controlled and is able to bypass the toxic media and communicate very effectively with the people He is the political establishment’s worst nightmare 1 14,1326.0,445.0
332540,2020-10-29 20:09:32, Trump is going to try to proclaim the Economy improved by 33 in the 3rd quarter THIS IS THE TRUTH ,1147.0,429.0
