Index,created_at,tweet,likes,retweet_count
346816,2020-10-30 13:14:20, NFL Hall of Famer BrettFavre says he s voting for Pres Trump My Vote is for what makes this country great freedom of speech amp religion 2nd Amnd hard working tax paying citizens police amp military ,5814.0,1307.0
339083,2020-10-30 02:09:51, REPORT A leaked confidential doc obtained by BreitbartNews reveals that a coalition of left wing groups in Minnesota fearing a possible Trump win is preparing for post election mass unrest while planning to execute wide scale “strategic disruption ”,1066.0,826.0
349072,2020-10-30 15:08:42, Three brothers for realDonaldTrump Trump Trump2020 teamtrump AmericaFirst MAGA2020 DonaldJTrumpJr EricTrump BlackVoicesForTrump TeamTrump,5204.0,814.0
349334,2020-10-30 15:22:16, The Shy Trump Voter is going to SAVE our Constitutional Republic from Democrat destruction pass it on Vote RED Re elect realDonaldTrump🇺🇸,1433.0,761.0
340254,2020-10-30 03:28:44, Lindsey Graham describing what Republicans Really think about Donald Trump 😱🤭,2232.0,689.0
