Index,created_at,tweet,likes,retweet_count
247166,2020-10-30 16:45:20, HEY NON VOTERS and the people who love them This is for you You may not know we can get progressive bills passed IMMEDIATELY after the election if we elect 4 MORE SENATORS and into LAW if we elect Biden PLEASE WATCH amp SHARE ,5369.0,2139.0
244399,2020-10-30 13:09:36, I see thousands of ads every cycle this one cuts through to the heart Love everything about it from young John Lewis and RBG to today’s youth leaders Thank you Taylor Swift for lending your lyrics to this inspiring call to vote onlytheyoung biden,4977.0,1766.0
247513,2020-10-30 17:15:27, The time has come for full disclosure from Joe Biden American voters deserve a full accounting of every dime he and his family members have taken from foreign sources and the terms of those payments I told OANN HunterBiden Trump2020 MAGA,1667.0,1234.0
240068,2020-10-30 02:31:00, President realDonaldTrump was spied on targeted and harassed to protect HillaryClinton and JoeBiden JudicialWatch President TomFitton on Spygate Read more Watch more ,2061.0,707.0
251772,2020-10-30 22:22:57, Joe making a promise no one ever wants🤣 👇🤣👇🤣👇 I promise you I will protect your family as if it were my own JoeBiden Minnesota,1330.0,616.0
