Index,created_at,tweet,likes,retweet_count
374943,2020-10-31 17:51:07, Same Protest that took place Across NIGERIA amp Abroad A Governor from Southern NIGERIA GovWike of Rivers State has Selected Igbo Speaking NIGERIANS in his State for Indirect Annihilation because of EndSARS Protest We are notifying you StateDept AmnestyNigeria Niger Trump,371.0,1016.0
380950,2020-10-31 22:57:15, A global health expert tweeted that COVID 19 is the third leading cause of death in the United States Hey credit where credit is due please I think you mean DONALDTRUMP is the third leading cause of death in the U S ,4271.0,571.0
362323,2020-10-31 02:39:18, California fire has a new meaning Trump 👁👁 at THIS video and feel the heat VoteRedToSaveAmerica VOTE Trump2020 BestPresidentEver45 FourMoreYears,814.0,474.0
371770,2020-10-31 15:36:03, TRUMP “THEY CAME FROM THE MOUNTAINS AND THE VALLEYS AND THE CITIES THEY CAME FROM ALL OVER” WalkAway RideWithC4T MAGA,836.0,402.0
373793,2020-10-31 17:00:35, New Jersey Gov Murphy plans to lockdown the state again With restaurants being the first to go VOTE Trump,779.0,347.0
