Index,created_at,tweet,likes,retweet_count
254864,2020-10-31 02:43:10, It s the home stretch DON T let up FOLLOW ALL who Like RT Comment The BidenHarris2020 camp needs vols as do ALL DOWN BALLOT candidates Reach out right NOW amp help w this final push And VOTE FFS Resist DownBallotBlue Biden VOTE VoteHimOut VoteBlue COVID19,2653.0,961.0
253045,2020-10-31 00:07:37, 😂😂😂so hard I cried I now know what trunalimunumaprzure is Nancy told Joe HE WILL be President so Joe has been practicing Chinese and got the two languages confused because no interpreter will work for him Right Grizz JoeBiden ROFL,857.0,573.0
253710,2020-10-31 01:00:00, TomFitton Big Tech amp Media SUPPRESSING Biden Burisma Scandal They re Deceiving the Public Read more at,1447.0,557.0
265176,2020-10-31 20:59:23, Biden Harris support federally funded abortions “on demand” for “any reason” and at “any time” which includes allowing full term abortions Can anyone please explain to me how any person of faith can vote for this ticket Abortion is an abomination VoteRed Trump2020,453.0,507.0
258546,2020-10-31 12:26:51, It s Halloween and the most scary thing is that most polls say China s regime is about to put its candidate into the Oval Office CCP CCPChina JoeBiden Election2020,1416.0,463.0
