Index,created_at,tweet,likes,retweet_count
278831,2020-11-01 18:08:59, That’s a pic of me in Pennsylvania when I lived in Lancaster I LOVE THIS STATE I’m here now This place is filled with good hearted people—good hearted people that JoeBiden loves He’s a good friend He’s the President this country needs to bring us back together vote Biden,80670.0,7553.0
282938,2020-11-01 21:58:48, I AM SO EXCITED to be back in Pennsylvania Pittsburgh where I used to fly into to visit my grandma See you tomorrow at Joe’s rally WE NEED EVERY VOTE PA make a plan This election depends on you ❤️ Biden vote,73648.0,6438.0
281536,2020-11-01 20:41:36, Are you there God It s me again Bette We re scared We have a fascist in the WhiteHouse a racist criminal who hates democracy denies science amp kills our citizens ElectionDay is in two days What if he wins We won t have a country Please let JoeBiden win Thank you ,45540.0,6133.0
278170,2020-11-01 17:29:28, Joe Biden considering “total lockdown across the country” per senior Biden adviser Mayor Pete on CNN Election2020 TeamTrump,2936.0,1527.0
275737,2020-11-01 15:00:00, It s a FBI DOJ cover up They knew that Biden knew about Hunter Biden s business dealings in China and Ukraine There s no excuse for what s been going on JudicialWatch President TomFitton Read more at Watch more ,2456.0,983.0
