Index,created_at,tweet,likes,retweet_count
298112,2020-11-02 15:25:15, Good morning PENNSYLVANIA I’m so excited to see you today and SING for you I believe in 🎶 YOU amp I 🎶 Let’s talk about what America looks like with a KINDER President WE NEED EVERY VOTE❤️ I’m with JoeBiden —Lets go 24 hrs Biden AmericaNeedsPennsylvania,126772.0,14024.0
289893,2020-11-02 05:11:05, Remember we elected BarackObama TWICE America will do the right thing And imagine how big the Biden inauguration crowd will be thoughtoftheday,4434.0,459.0
310416,2020-11-02 23:23:37, realDonaldTrump angry that he couldn’t rush a vaccine He thrives on riots a result of his own divisive rhetoric I won’t forget he amp WH staff celebrating hurting people in LafayetteSquare Biden will empower Fauci so that we CAN see our loved ones Stop the lying ⬇️ vote,4154.0,939.0
286615,2020-11-02 01:23:48, realDonaldTrump How DARE you They slammed into a Biden vehicle and tried to run the bus off the road Keep defending white supremacists and domestic terrorists It s why you re losing ,2051.0,158.0
289577,2020-11-02 04:36:55, realDonaldTrump VOTE FOR JOE BIDEN And then ironically the USA will be on the path to being great again JoeBiden,1785.0,96.0
