Index,created_at,tweet,likes,retweet_count
417966,2020-11-02 03:10:57, We will not know the true winner of this election on Election Night media MUST make this clear to voters Trump cannot be allowed to crown himself victor Tuesday night nor can we allow the election to fall into the hands of the now completely politicized SCOTUS BushvGore2000,11914.0,1863.0
437052,2020-11-02 15:58:11, BLACK GRANDMOTHERS FOR PRESIDENT TRUMP GO VOTE Trump2020LandslideVictory Trump VoteForTrump VOTE,8412.0,2473.0
443901,2020-11-02 18:33:15, DonaldTrump is a parasite a leech He robs the poor amp gives to the rich he s a poison running through the veins of our nation killing anything wholesome or clean or anyone trying to do good He actually IS the AntiChrist Anyone supporting him is covered in shame ,5694.0,1015.0
430232,2020-11-02 12:49:05, Cartoon for TorontoStar trump TrumpVirus TrumpCollapse ElectionDay Election2020,4031.0,1155.0
448824,2020-11-02 20:28:33, Who did this 😂😂😂 Trump,2985.0,1053.0
