Index,created_at,tweet,likes,retweet_count
343145,2020-11-03 19:55:57, The big fight TODAY realDonaldTrump vs joebiden who you got merica 🇺🇸 🇺🇸,22641.0,2543.0
337015,2020-11-03 17:20:58, In his own words on his own Twitter feed JoeBiden pledges to end the SecondAmendment 👇🏼,16819.0,8678.0
314601,2020-11-03 02:33:21, For those still deciding whether to give JoeBiden your vote here s a little story that shows what he s like and why he deserves your trust Over nearly a decade of staffing JoeBiden we took a number of helicopter flights in Afghanistan lt 1 gt ,5156.0,1907.0
319545,2020-11-03 07:00:29, My son amp I went to 2 locations to drop off our ballots amp both were closed with notices saying they were closed amp having hearings re their location Funny that both were in poor neighborhoods So we googled it amp drove until we found a place to vote Nothing will stop us Biden,3244.0,551.0
327288,2020-11-03 13:02:45, The era of popular politics comes to an end with victory of JoeBiden over realDonaldTrump Let’s hope the world returns to sanity Congratulations JoeBiden on being elected as US President in USElections2020 Hope Trump accepts the results amp doesn’t incite violence ,2779.0,282.0
