Index,created_at,tweet,likes,retweet_count
395261,2020-11-04 09:59:43, We non Americans checking the results on google every 30 seconds USAElections2020 USElection2020 Elections2020 Election2020 ElectionNight DonaldTrump JoeBiden AmericaDecides2020,15282.0,3013.0
431414,2020-11-04 19:28:27, YES HE IS A record turnout an enthusiasm never seen before and when the last vote is counted we will celebrate President Biden and VicePresident Harris,11495.0,1052.0
400691,2020-11-04 11:51:25, We Europeans watching Americans giving Trump this amount of votes Elections2020 ElectionDay Biden,9834.0,2063.0
430673,2020-11-04 19:18:55, Here s the moment where CNNElection shows Biden gaining 110 000 votes in Wisconsin INSTANTLY See how confused they are They know this is BS Elections2020,7508.0,4742.0
411536,2020-11-04 14:49:45, Several things can co exist 1 Biden will likely win 2 Democrats ran a horrendously bad campaign 3 Trump can now claim validation for his abuses 4 The oligarchy is very pleased 5 Working people remain screwed 6 The system is irredeemably corrupt ,7050.0,1334.0
