Index,created_at,tweet,likes,retweet_count
548591,2020-11-04 04:12:07, How did they call California for Joe Biden 8 minutes after the polls closed Excuse my language but America is on the line WHAT THE FUCK IS GOING ON Trump2020 Trump Elections2020 ElectionNight Election2020 Election2020,35449.0,6629.0
544652,2020-11-04 03:33:23, Blacks for Trump 2020 We showed up for him Election2020 ElectionDay ElectionDay2020 Trump Trump2020,23037.0,2652.0
588635,2020-11-04 09:59:43, We non Americans checking the results on google every 30 seconds USAElections2020 USElection2020 Elections2020 Election2020 ElectionNight DonaldTrump JoeBiden AmericaDecides2020,15270.0,3010.0
622784,2020-11-04 17:28:01, How did they find 100k ballots overnight and none were for President realDonaldTrump ElectionNight Election2020 Elections2020 ElectionDay Trump Trump2020,14894.0,3640.0
547105,2020-11-04 03:58:18, LETS GO TRUMP We got this RT if you still have faith Election2020 ElectionDay2020 ElectionDay Trump2020 Trump,11018.0,3466.0
