Index,created_at,tweet,likes,retweet_count
463343,2020-11-05 04:37:25, My best vote counter source in PA now predicting final Biden victory margin of 200K 300K That’s a tick up from a few hours ago ,20967.0,2445.0
475620,2020-11-05 12:16:48, Based on remaining votes in Pennsylvania math shows Biden will over take Trump’s lead of 165k just from 2 counties Philadelphia amp Allegheny amp then surpass him from votes in Delaware Buck amp Montgomery Giving Biden 20 delegates the Presidency amp the Blue Wall back to Dems,10972.0,1424.0
491572,2020-11-05 20:04:55, Many Congratulations to the New President of the United States of America JoeBiden I hope you will remember your promise ,5353.0,370.0
468850,2020-11-05 08:03:30, This literally has been laughing out loud BiDen Elections2020 TrumpMeltdown,5120.0,665.0
498292,2020-11-05 23:32:17, CNN just confirmed that Biden won Erie County a PA bellwether for the last 40 years ,4931.0,708.0
