Index,created_at,tweet,likes,retweet_count
668693,2020-11-05 05:56:39, So Joe Biden received more votes than Obama I may have been born at night but not last night TrumpvsBiden Elections2020 ElectionResults2020 Trump Trump2020,17706.0,3594.0
666174,2020-11-05 04:44:19, This election is straight ghetto ElectionResults2020 TrumpvsBiden Trump Trump2020,10047.0,1067.0
662678,2020-11-05 03:12:35, Stop counting Donald Trump USElection2020 DonaldTrump,8478.0,1102.0
665909,2020-11-05 04:37:37, In 2012 President realDonaldTrump warned us about voter fraud This is old news to him he knew this was going to happen He tried to tell us RT show the world TrumpvsBiden Trump Trump2020 DonaldTrump ElectionResults2020 ElectionDay2020 Election2020,7888.0,2360.0
666132,2020-11-05 04:42:54, They re LYING The state boards of elections are COUNTING THE VOTES Because Trump is losing they scream foul incite violence widen the fissures in our democracy Every judge Trump appointed republican has THROWN OUT their lawsuits I can t wait until they are gone ,5131.0,798.0
