Index,created_at,tweet,likes,retweet_count
536374,2020-11-06 16:31:06, America Assembled 🇺🇸🎉 JoeBiden KamalaHarris BarackObama ChrisEvans MarkRuffalo RobertDowneyJr brielarson AOC staceyabrams michaelb4jordan Russo Brothers Election2020 ElectionResults2020 joebiden DonaldTrump BidenHarris2020 avengers endgame,74528.0,20615.0
515648,2020-11-06 09:44:13, Biden takes lead in Georgia,28367.0,2206.0
518286,2020-11-06 10:32:42, Good morning friends 🌞 It’s a beautiful day in Georgia That’s partly because JoeBiden is now AHEAD of Trump in the Peach State for the first time — by 917 votes 🍑 CountEveryVote Biden,6732.0,566.0
526584,2020-11-06 14:09:33, PA flips blue joining GA Biden on the verge of 270 Team Trump now debates challenges ,5914.0,603.0
527089,2020-11-06 14:13:59, We call this a clue Biden,4065.0,477.0
