Index,created_at,tweet,likes,retweet_count
786530,2020-11-06 16:31:06, America Assembled 🇺🇸🎉 JoeBiden KamalaHarris BarackObama ChrisEvans MarkRuffalo RobertDowneyJr brielarson AOC staceyabrams michaelb4jordan Russo Brothers Election2020 ElectionResults2020 joebiden DonaldTrump BidenHarris2020 avengers endgame,74084.0,20491.0
748240,2020-11-06 05:47:04, My humble advice to JoeBiden supporters as the fmr HomelandSecurity Advisor to VP Mike Pence Don’t let the extreme Trump supporters on the streets bait you into violence That’s what the TrumpCampaign wants They will set you up like they did this summer Stay BidenCalm,17838.0,4849.0
724967,2020-11-06 00:01:00, The President is lying Georgia is counting And the Trump lead is shrinking ,12179.0,2041.0
801614,2020-11-06 20:50:54, UPDATE Michigan s AntrimCounty flipped to a win for DonaldTrump after an election software glitch was fixed today Revised totals now show that Trump won by an estimated 2 500 votes Michigan s GOP Chairwoman Laura Cox is calling for 47 other counties in Michigan to ,7902.0,3589.0
769642,2020-11-06 12:30:29, GA goes blue as sun rises on what could be a decisive day Next PA ballot count update expected soon and narrow Trump lead in deep peril ,7792.0,671.0
