Index,created_at,tweet,likes,retweet_count
818751,2020-11-07 04:36:44, trump wants to throw out military ballots Why Do they have bone spurs ,23225.0,1851.0
873078,2020-11-07 18:19:32, Ouch DonaldTrump JoeBiden,13245.0,548.0
858481,2020-11-07 17:21:48, POTUS was at his golf club here when CNN called race for Biden 299th visit as president to a trump golf club Karma,11077.0,1613.0
905639,2020-11-07 22:29:57, I admit I’m sad to see this happen because so many people might harm themselves when they find out Joe Biden and Kamala Harris will not be in the White House because of Voter Fraud Trump Trump2020 Election2020 Election2020results bidenharis2020 is a scam,10839.0,2084.0
816951,2020-11-07 03:47:44, Dear Trump Ji You will continue to be President in our hearts 💪🏽♥️ BhaktBanerjee,9414.0,314.0
