Index,created_at,tweet,likes,retweet_count
573490,2020-11-07 16:27:13, CONGRATULATIONS AMERICA cnn calls it for Biden ,28696.0,2257.0
645617,2020-11-07 18:19:32, Ouch DonaldTrump JoeBiden,13449.0,557.0
573372,2020-11-07 16:27:00, 273 and Counting Biden wins Harris will make history as VP ,13322.0,2106.0
559604,2020-11-07 05:35:05, “The purpose of our politics isn t to wage total and unrelenting war It s to solve problems We may be opponents but we re not enemies We re Americans JoeBiden,11204.0,829.0
617922,2020-11-07 17:21:48, POTUS was at his golf club here when CNN called race for Biden 299th visit as president to a trump golf club Karma,11080.0,1613.0
