Index,created_at,tweet,likes,retweet_count
926563,2020-11-08 01:05:01, If you’re a Trump supporter you should be thankful and optimistic Even if Trump doesn’t prevail in the litigation he created a political force of nature that isn’t going anywhere anytime soon The Trump populist movement will dominate our politics to come 🇺🇸,4033.0,448.0
916824,2020-11-08 07:20:42, Meltdown DonaldTrump USElections,3460.0,277.0
913916,2020-11-08 00:39:22, The blue wave has reached its peak amp zenith The red shall rise swallow it up amp overwhelm it JoeBiden s dreams shall be dashed his victory annulled amp his celebrations shortlived realDonaldTrump shall do a 2nd term amp the Lord s name shall be glorified DonaldTrump,3370.0,856.0
949727,2020-11-08 12:45:42, I wanted Trump to win the election If he loses fairly I’ll accept the result and I won’t spend the next four years bellyaching about it However if there is evidence of fraud and there appears to be plenty it must be thoroughly investigated ,2912.0,653.0
959646,2020-11-08 17:40:40, JoeBiden claims to have a mandate from all Americans This is how Election2020 s map by county looks like America is RED Joe don t forget that You can t blacklist all the country for voting Trump Click gt ,2651.0,1098.0
