Index,created_at,tweet,likes,retweet_count
8509,2020-10-15 12:50:14, Turn out Trump aides gave WallStreet a heads up on how serious the virus was going to be so they could profit by “shorting everything” all the while assuring MainStreet that it was “very much under control ” How much more proof do we need The whole gang should be LOCKEDUP,10327.0,2849.0
1283,2020-10-15 01:21:51, THIS is UNCONSCIONABLE Trump pulled out of the scheduled townhall Biden KEPT HIS COMMITMENT amp HIS WORD and moved forward Now nbc nbcnews is going to REWARD 45 for breaking his commitment and be an accomplice to his attempt to screw over Biden BoycottNBC BoycottMSNBC,6431.0,2384.0
11823,2020-10-15 16:25:45, icecube MichaelRapaport CuomoPrimeTime CNN Cube you seriously need to grasp the reality that America is on the verge of autocracy at the hands of a corrupt democracy raping dictator wannabe and his corrupt enablers You have legit gripes But getting rid of Trump is priority 1 ,2128.0,149.0
7710,2020-10-15 11:47:55, PEACOCKY BETRAYAL Tonight some will watch Trump distract And create an alternative fact but NBC’s depraved cuz when asked they caved And betrayed their Fairness contract TrumpIsALoser NBCIsTrumpsAccomplice NBCBlackout TraitorInChief,1249.0,650.0
16113,2020-10-15 20:01:24, realDonaldTrump cspan This tweet truly says it all a grown man who’s so self loathing and insecure he spends every minute of every day desperately seeking praise credit and attention Pathetic Trump,1016.0,81.0
