Index,created_at,tweet,likes,retweet_count
10623,2020-10-15 17:09:02, The cowards at Twitter locked me out for exposing the Biden criminal cabal Thank you jack for enabling this to backfire on you and for making CrookedJoeBiden trend Please my friends join me in that effort and use CrookedJoeBiden in every tweet you post ,143454.0,63473.0
1241,2020-10-15 01:21:51, THIS is UNCONSCIONABLE Trump pulled out of the scheduled townhall Biden KEPT HIS COMMITMENT amp HIS WORD and moved forward Now nbc nbcnews is going to REWARD 45 for breaking his commitment and be an accomplice to his attempt to screw over Biden BoycottNBC BoycottMSNBC,6431.0,2384.0
2154,2020-10-15 02:33:57, That’s right Watch Biden on abc ,3425.0,1043.0
14692,2020-10-15 23:18:30, cenkuygur asked SenSanders if there will be a progressive push to fight for medicareforall in a Biden administration Sanders answered If the Democrats gain control over the Senate I will be the Chairman of the Subcommittee on Health tytlive Election2020,2123.0,469.0
12887,2020-10-15 19:24:46, Rudy Giuliani s daughter ENDORSES Biden Please read this 👇👇👇👇👇👇,1625.0,250.0
