Index,created_at,tweet,likes,retweet_count
20432,2020-10-16 03:17:29, Tonight a woman in the audience of Trump s town hall began her question by telling him he has a great smile amp he s so handsome when he smiles And when JoeBiden is President hopefully that woman will be able to access better vision care bless her heart ,165702.0,17652.0
16735,2020-10-16 01:04:10, OMG JoeBiden speaks like a human being And he’s actually answering the questions It’s so exciting How we have missed this for 4 years ,43399.0,6038.0
19590,2020-10-16 02:31:04, Sharpshooter JoeBiden “Shoot ‘em in the leg ”,14375.0,4320.0
27120,2020-10-16 15:54:51, A friend tells me China is shoveling substantial amounts of cash into the Biden campaign through small online donations by Chinese nationals resident outside America Something to investigate ,12051.0,7202.0
18186,2020-10-16 01:36:21, A great coherent actually hopefulTownHall thanks to JOEBIDEN It was such a thrill to hear intelligent questions answered intelligently We have been STARVED for this for four HORRIBLE years ,8003.0,1171.0
