Index,created_at,tweet,likes,retweet_count
46652,2020-10-18 05:58:45, JoeBiden rally ScrewThePolls,15525.0,6005.0
54188,2020-10-18 22:53:43, A man who has refused to release his taxes to the public has the brass balls to claim that JoeBiden will raise your taxes Joe will raise taxes but only in corporations who currently pay ZERO and BILLIONAIRES Don’t forget asshole Trump paid 750 00 in taxes last year ,11668.0,2378.0
46666,2020-10-18 06:00:13, Hailey Bieber officially endorses JoeBiden ,1675.0,66.0
53980,2020-10-18 22:31:40, 2020 election coverage in a nutshell Reporter “Mr Biden what flavor did you get ” biden trump,1493.0,366.0
47850,2020-10-18 10:46:55, Javad Zarif on his friendship with JoeBiden the Democratic presidential nominee for the US 2020 election April 4 2015 ,1285.0,274.0
