Index,created_at,tweet,likes,retweet_count
56345,2020-10-19 03:00:00, The Ukrainian Embassy under Yovanovitch was monitoring social media accounts of Fox News hosts the president s son etc about what they were saying about Burisma We want to know why want more information because Biden is still being protected by the State Dept TomFitton ,2477.0,1253.0
61507,2020-10-19 16:57:28, Former VP JoeBiden just received an endorsement from RollingStone Magazine says JoeBiden’s platform offers progressive solutions to every major problem facing the country and he has the experience to put those principles into practice READ ,1941.0,510.0
60249,2020-10-19 14:59:53, America is truly broken when the race is so close between Biden amp a pathologically lying corrupt sexist racist disabled mocking ethically morally empathy bankrupt dangerous Covid denying sadistic mass murdering democracy raping dictator wannabe IMPEACHED traitor Trump,1050.0,233.0
61251,2020-10-19 16:31:30, BREAKING Dilley Show JoeBiden DevinArcher Burisma Oil Exec amp fellow HunterBiden board member pic from meeting Biden scrubbed from the internet The mtg Eisenhower Rm from where VP has an office that NEVER happened and isn t on his schedule apparently took place ,833.0,785.0
56767,2020-10-19 04:11:11, Diddy endorses JoeBiden and launches his own political party ,696.0,34.0
