Index,created_at,tweet,likes,retweet_count
96542,2020-10-19 23:07:52, Hey MAGA Patriots this video is dedicated to all of you Please watch amp retweet ❤️🇺🇸 realDonaldTrump TRUMP TRUMP2020ToSaveAmerica MAGA2020 KAG KAG2020 MAGA2020LandslideVictory KAG2020LandslideVictory BlackVoicesForTrump TrumpPride WalkAway MondayMood TuesdayThoughts,3532.0,1799.0
90711,2020-10-19 18:45:11, Trump just called the press criminals for not reporting on CrookedJoeBiden,3416.0,1433.0
89974,2020-10-19 18:11:06, realDonaldTrump 60Minutes Fuck you you sociopath You ll never ever even be 1 1000th the man Fauci is And you know it Which is why you can t stop attacking him in your juvenile jealous fits of rage Trump Covid19 coronavirus,3386.0,294.0
79135,2020-10-19 02:05:05, I care as much about whats in HunterBidensLapTop as Trump supporters did about his hands in women’s pu ys TeamDl,2277.0,377.0
85342,2020-10-19 13:34:07, 41 insiders were interviewed by washingtonpost to produce this horrifying stark acct of the inner workings of the WhiteHouse Coronavirus Task Force No matter how badly you thought the Trump admin was mishandling the pandemic this expose will shock ,1603.0,1076.0
