Index,created_at,tweet,likes,retweet_count
70894,2020-10-20 13:29:47, My country matters to me this isn’t leadership This is a failed moment and the country needs to do better joebiden is the guy right now for me ProjectLincoln Sr Advisor MichaelSteele endorses Biden LincolnVoter AmericaOrTrump,4781.0,1506.0
66842,2020-10-20 02:03:00, The Ukrainian Embassy under Yovanovitch was monitoring social media accounts of Fox News hosts the president s son etc about what they were saying about Burisma We want to know why want more information because Biden is still being protected by the State Dept TomFitton ,3433.0,1785.0
66200,2020-10-20 01:00:01, President realDonaldTrump was absolutely right to ask Ukraine about the JoeBiden corruption issues and Burisma JudicialWatch President TomFitton Watch more Read here ,1907.0,757.0
76614,2020-10-20 22:55:03, If you don’t see anything done by Friday regarding HunterBiden nothing will ever Let me try to make this very clear It is not about Hunter Biden It is about three decades of systematic political corruption at the highest levels involving JoeBiden That’s what it’s about ,1598.0,642.0
74186,2020-10-20 18:39:15, Heads Up If your Pastor backs Biden who 100 supports murdering babies up to amp after birth then your Pastor is a garbage piece of shit evil bastard There is no wiggle room here to try and justify the decision ,1283.0,382.0
