Index,created_at,tweet,likes,retweet_count
116192,2020-10-20 23:40:29, LIVE President Donald Trump in Erie PA Pennsylvania Trump Text VOTE to 88022,8003.0,2301.0
108710,2020-10-20 15:47:26, I don t think social media realised the love the world has for DONALD J TRUMP he has a huge army of digital warriors all over the world realDonaldTrump TRUMP EVEN A POWER CUT COULDN T STOP US ADD YOUR COUNTRY BELOW ENGLAND 👇👇👇👇👇👇,1937.0,479.0
98077,2020-10-20 00:32:28, Look for Trump to walk away from — or out of — the final debate ,1558.0,262.0
100600,2020-10-20 03:19:41, Hey realDonaldTrump Dr Fauci at 5’7 towers over you He is so much the bigger man The smarter more accomplished more respected more popular man You shrink in his presence Trump COVID19 coronavirus,1363.0,299.0
115704,2020-10-20 23:13:08, Watch this clip If you are one of the millions of Democrats that are convinced Trump amp RNC will retake WhiteHouse with illegal shenanigans Bob Bauer will lower your anxiety a few notches An army of more than 10 000 attorneys is trained deployed and ready ,1329.0,472.0
