Index,created_at,tweet,likes,retweet_count
136912,2020-10-21 23:53:01, The fact that IRAN is interfering in Election2020 in an attempt to damage POTUS Trump and facilitate the election of JoeBiden is an extremely compelling reason to Vote to re elect realDonaldTrump ,3156.0,1653.0
131543,2020-10-21 18:31:51, Yes I know ThomTillis was trailing CalCunningham in NC until news of Cunningham s affair hit the news Who’s gonna tell NC voters about DonaldTrump and StormyDaniels ThomTillis has enabled the worst president in American history to trash our economy and kill our citizens ,3119.0,520.0
117672,2020-10-21 01:09:06, Trump has a Chinese bank account What s the big deal 1 It was undisclosed which is illegal 2 He got 17 million through in WHILE PRESIDENT 3 There s no reason other than graft to have a bank account inside China trump2020 MAGA TrumpPence2020 TrumpRally TRUMP,1904.0,766.0
136983,2020-10-21 23:57:07, Trump toady intel chief Ratcliffe just rushed the mic to say it isn’t Trump loving white supremacist ProudBoys who are sending threatening emails to Florida voters It’s Iran Not Trump’s guys Iran FBI boss ChrisWray didn’t look very comfortable Put me down as skeptical ,1559.0,365.0
118211,2020-10-21 01:41:44, Trump sters when you re at the rallies do you ever get pissed that he talks about himself non stop amp tells YOU what HE needs Where s the plan for YOUR jobs healthcare child s public education infrastructure clean air water What he s gonna do for YOU Think about it ,1341.0,305.0
