Index,created_at,tweet,likes,retweet_count
151225,2020-10-22 17:56:21, Trump exposes media bias tells ’60 Minutes’ Leslie Stahl ‘You’re protecting’ Biden The interview was fiery and Trump didn’t back down despite Stahl’s condescending attitude with the President as he attempted to answer her questions ,4789.0,1576.0
154024,2020-10-22 20:04:07, Fox News Trump to bring HunterBiden associate as guest to debate,2740.0,609.0
158488,2020-10-22 23:28:49, Hello Twitterverse — I ll be live tweeting my BodyLanguage analyses of both Joe Biden and Donald Trump during tonight s PresidentialDebate Stay tuned BodyLanguageExpert,2090.0,326.0
154814,2020-10-22 20:41:16, BREAKING A Senior Trump Administration Official Says FBI Director ChristopherWray Will Likely Exit Immediately After The November 3rd Election No Official Word From TheJusticeDept or FBI ,1788.0,668.0
150215,2020-10-22 17:06:51, Fans call out WakaFlocka flame for suggesting Trump is a better president than Obama Debate2020 Debates2020 XXL,1706.0,479.0
