Index,created_at,tweet,likes,retweet_count
145773,2020-10-23 15:39:45, Whatever you do DON’T BELIEVE THE POLLS Vote like biden was 10points down REMEMBER 2016 Don’t become complacent those polls will kill us if you do VoteBlueToSaveAmerica,22654.0,4277.0
132308,2020-10-23 03:35:37, JoeBiden by a mile No contest Cogent patient amp so smart alongside the dimmest bulb in the pack What an awful man amp what a horrible presidency His name will live in infamy Which reminds me is StephenMiller dead Over 540 children will never see their families again ,14844.0,1716.0
137625,2020-10-23 06:36:51, The Biden family is a boogle of lying corrupt weasels ,12765.0,3919.0
148977,2020-10-23 19:09:16, JoeBiden wants America totally dependent on foreign oil for one simple reason the payoffs are bigger and easier to arrange BagmanJoe’s phony concern about climate change is the real “malarkey ” When he guts American energy independence we will have a catastrophic depression ,11492.0,4559.0
147082,2020-10-23 16:57:46, DNC fluffer Jake Tapper lays the groundwork to ignore Biden bagman evidence ,5374.0,1766.0
