Index,created_at,tweet,likes,retweet_count
196163,2020-10-23 14:34:58, ATTN While you were sleeping Trump issued an edict that eliminates job protections for tens of thousands maybe millions of federal employees all involved in policy making It paves the way for a mass firing of govt employees MORE,14290.0,5135.0
196527,2020-10-23 14:50:37, Rep Ocasio Cortez offended by Trump calling her AOC during Thursday s debate Sounds like someone needs a safe space ,9784.0,1851.0
159771,2020-10-23 00:29:39, Beyond blessed to watch one of best POTUS Trump at PresidentialDebate2020 Debates2020 with my boy KidRock TRUMP MTHA FUCKAS 🚂🇺🇸🇺🇸🇺🇸🇺🇸,8582.0,1299.0
164750,2020-10-23 01:29:26, Trump is turning so fucking Red He s ready to explode Krakatoa,4817.0,500.0
186675,2020-10-23 05:56:03, When Trump makes this expression he knows he s been caught in a lie His lips grow horizontally oriented amp very thin The tissue adjacent to the upper amp lower lips bunch up This is the adrenaline surge of anger frustration — while in a failed attempt at a smile BodyLanguage,2748.0,719.0
