Index,created_at,tweet,likes,retweet_count
223920,2020-10-24 19:56:33, Experienced my first Trump parade today and this happened👇 Jason Editor of Skillset Magazine ,26039.0,12181.0
210024,2020-10-24 01:45:23, Today Trump tried to get Netanyahu to take a swipe at Biden on a phone call asking him if he thought Sleepy Joe could accomplish a deal like Jared did Since we re giving out nicknames which is better DesperateDonnie or NeedyGreedyTreatyWeenie ,13387.0,1519.0
211318,2020-10-24 03:17:04, Greetings from ghost town New York City where the TGIF crowds are so thick it s tough to maneuver your bike and elegant 5 star restaurants have waiting lists out to New Years Eve Just another Trump lie ,4964.0,897.0
226914,2020-10-24 23:17:17, Is realDonaldTrump using a fake FLOTUS because the real one won’t travel with him anymore now that she knows he’s gonna lose in a landslide and the divorce is imminent You be the judge Melania Trump,3315.0,752.0
212981,2020-10-24 06:00:00, The media would be all over a scandal like this in the Trump family but for them JoeBiden is off limits TheSaraCarterShow Subscribe ,1912.0,457.0
