Index,created_at,tweet,likes,retweet_count
164946,2020-10-24 22:34:26, FINALLY JoeBiden is absolutely right about something I will always admit when someone is right about something Let’s give a listen shall we ,46313.0,18272.0
153878,2020-10-24 01:45:23, Today Trump tried to get Netanyahu to take a swipe at Biden on a phone call asking him if he thought Sleepy Joe could accomplish a deal like Jared did Since we re giving out nicknames which is better DesperateDonnie or NeedyGreedyTreatyWeenie ,13386.0,1519.0
161508,2020-10-24 17:57:56, VOTE BIDEN ,3607.0,606.0
153109,2020-10-24 00:27:09, My husband and I love to take rides in the evening to go look at all the Biden signs in the area… Much like going out to see the Christmas lights TurnOhioBlue,2401.0,383.0
160050,2020-10-24 16:00:00, “ Obama JoeBiden amp their top intel officers huddled in the Oval Office shortly before realDonaldTrump was inaugurated to discuss what they would do about this new President they despised ” TomFitton in Breitbart ,2070.0,1027.0
