Index,created_at,tweet,likes,retweet_count
232650,2020-10-25 09:23:39, NYC Someone just dropped a sh tload of TAR on the BLM mural in front of Trump tower 🤣 Deblasio is going to have a fit Epic ,17066.0,6850.0
229831,2020-10-25 03:14:47, As the last real President the US had said today “ DonaldTrump isn’t going to suddenly protect all of us He can’t even take the basic steps to protect himself ”,11840.0,1361.0
233180,2020-10-25 10:40:46, And I will say it again and again and again until realDonaldTrump loses in 10 days under Trump “there will never be a peaceful transition of power ” It’s not who he is ,3134.0,631.0
227497,2020-10-25 00:01:52, Trump x Biden,1368.0,465.0
239413,2020-10-25 18:01:31, This Trump supporter doesn’t blame realDonaldTrump for lying he blames Bob Woodward for not telling us that he was lying JOEBIDEN2020 DonaldTrump Biden,1264.0,313.0
