Index,created_at,tweet,likes,retweet_count
188327,2020-10-26 15:28:38, Rasmussen Poll Trump ahead of Biden with 52 approval rating,18869.0,4376.0
192285,2020-10-26 20:25:32, Post debate poll Trump leads Biden by three points in Pennsylvania,17383.0,3541.0
181119,2020-10-26 00:27:49, Wow NorahODonnell amp LesleyRStahl deliver a 60Minutes doubleheader that will dominate the news cycle in the closing days of the election 60Minutes Trump Biden,7245.0,836.0
190528,2020-10-26 18:10:01, “The American people have a right to know what Joe Biden and his family have been up to ” Mike Pence said JoeBiden should “come forward and come clean” about HunterBiden and alleged Foreign funds that were reportedly being channeled to his family ,5951.0,2218.0
182581,2020-10-26 02:43:27, One of the most stark things you can do tonight is watch the JoeBiden interview immediately after the Trump interview on 60Minutes it’s shocking amp a reminder of just how much character Joe has compared to that psycho who walked out of his interview because it was too “tough”,3699.0,274.0
