Index,created_at,tweet,likes,retweet_count
196612,2020-10-27 03:16:27, Are you there God It s me Bette I m so scared God We have a fascist in the WhiteHouse a racist criminal who hates democracy denies science amp kills our citizens ElectionDay is next week What if he wins We won t have a country Please let JoeBiden win Thank you ,59403.0,7489.0
202485,2020-10-27 17:00:10, BLM has raised over one billion dollars in the seven years since it was created Where is that money JoeBiden,31908.0,11139.0
195745,2020-10-27 01:56:42, I know the confirmation of Barrett sucks There’s nothing we could’ve done about it However there is something we can do about Trump McConnell amp the rest of the traitors We can vote then out next week They won a battle we win the war The Republic Stands Biden,11540.0,2999.0
197900,2020-10-27 07:02:17, As a European I understand the US election is none of my business but as a man who admires so much of the USA I think I have the right to make a statement about its future about the influence it wields in the world I say vote for Joe Biden JoeBiden USElection2020,2881.0,145.0
196134,2020-10-27 02:30:00, It s a FBI DOJ cover up They knew that Biden knew about Hunter Biden s business dealings in China and Ukraine There s no excuse for what s been going on JudicialWatch President TomFitton Read more at Watch more ,2496.0,823.0
