Index,created_at,tweet,likes,retweet_count
289935,2020-10-27 23:51:48, Trump campaign website hacked in what appears to be a blackmailish bitcoin scam The hacker s claims to have information that exposes Trump criminal activities and involvement with election fraud,4873.0,903.0
285178,2020-10-27 20:30:35, Trump supporters organize car parade in Israel,2778.0,582.0
286548,2020-10-27 21:30:00, Trump ‘We have probably 9 or 10’ countries readying to normalize ties with Israel via Douglas P Braff,2629.0,654.0
271447,2020-10-27 05:09:37, What a travesty AmyConeyBarrett starring in a fake swearing in to give Trump a campaign moment She unctuously thanked only GOP senators since only they voted for her She is a political hack masquerading as a judge Now she pledges to leave all that behind I doubt it,2554.0,560.0
279854,2020-10-27 16:26:00, Amazing I had completely forgotten about the speaking trump doll How is that possible,1328.0,133.0
