Index,created_at,tweet,likes,retweet_count
211715,2020-10-28 03:13:18, The TonyBobulinski interview is the end of the JoeBiden candidacy And to think all Bobulinski wanted was a retraction from AdamSchiff Schiff wasn t smart enough to do that Get out and vote people We do NOT need Joe Biden corruption in the White House ,3895.0,1346.0
208837,2020-10-28 00:37:48, Joe Biden is a lying plagiarising corrupt crook He is guilty of multiple crimes against his own people and around the world Don’t dare tell me he’s the “lesser of two evils” And even if he was I would never back evil in either form That’s it That’s the tweet Biden Trump,3742.0,949.0
215125,2020-10-28 11:35:46, After the Bobulinski interview JoeBiden is a National Security Risk and his Security Clearance should be immediately Revoked Joe is comprised and should be removed as the Presidential Nominee immediately BidenCrimeFamiily,2958.0,1304.0
208342,2020-10-28 00:12:53, I didn’t request to meet Joe They requested that I meet with Joe They were putting their entire family legacy on the line bobulinski tucker FoxNews Biden,2528.0,936.0
208770,2020-10-28 00:34:56, Can the American People do a class action lawsuit against JoeBiden for defrauding America TonyBobulinski Bobulinski,1985.0,642.0
