Index,created_at,tweet,likes,retweet_count
227565,2020-10-29 05:06:58, Facebook Twitter CEOs struggle to name a single ‘liberal’ censored on their platforms Behind the ‘liberal’ mask Big Tech is actually killing free speech taking sides in elections and colonising Internet USElection Biden Trump,2797.0,956.0
235685,2020-10-29 20:37:25, My JoeBiden portrait created by stamping the word VOTE 🇺🇸 Biden BidenHarris2020 Biden2020 usa🇺🇸 American POTUS presidentialdebate president bidenforpresident joebiden bidenart popculture politics popart vote2020,2236.0,660.0
227852,2020-10-29 05:59:13, If you are ProLife then you MUST be Pro Climate Justice Or you are a hypocrite “Air pollution contributed to 500 00 newborn Deaths on 2019 ” BuildBackBetter Biden,1987.0,545.0
237931,2020-10-29 23:30:00, It s a FBI DOJ cover up They knew that Biden knew about Hunter Biden s business dealings in China and Ukraine There s no excuse for what s been going on JudicialWatch President TomFitton Read more at Watch more ,1790.0,702.0
233643,2020-10-29 17:36:01, This is how you handle a MAGA heckler get him to condemn white supremacy and also take down Trump in the process PeteButtigieg should be President JoeBiden’s Chief of Staff PeteButtigieg Biden,1750.0,384.0
