Index,created_at,tweet,likes,retweet_count
346816,2020-10-30 13:14:20, NFL Hall of Famer BrettFavre says he s voting for Pres Trump My Vote is for what makes this country great freedom of speech amp religion 2nd Amnd hard working tax paying citizens police amp military ,5814.0,1307.0
349072,2020-10-30 15:08:42, Three brothers for realDonaldTrump Trump Trump2020 teamtrump AmericaFirst MAGA2020 DonaldJTrumpJr EricTrump BlackVoicesForTrump TeamTrump,5204.0,814.0
339507,2020-10-30 02:35:38, Trump has met wit so many Rappers I can’t tell if he’s trying to President of the United States or DeathRowRecords TeamDl,4277.0,436.0
339393,2020-10-30 02:29:03, Instagram is purposely hiding the hashtag “ Trump” I’ll ask again is this the USA or is it China ,3880.0,651.0
340254,2020-10-30 03:28:44, Lindsey Graham describing what Republicans Really think about Donald Trump 😱🤭,2232.0,689.0
