Index,created_at,tweet,likes,retweet_count
254864,2020-10-31 02:43:10, It s the home stretch DON T let up FOLLOW ALL who Like RT Comment The BidenHarris2020 camp needs vols as do ALL DOWN BALLOT candidates Reach out right NOW amp help w this final push And VOTE FFS Resist DownBallotBlue Biden VOTE VoteHimOut VoteBlue COVID19,2653.0,961.0
253710,2020-10-31 01:00:00, TomFitton Big Tech amp Media SUPPRESSING Biden Burisma Scandal They re Deceiving the Public Read more at,1447.0,557.0
258546,2020-10-31 12:26:51, It s Halloween and the most scary thing is that most polls say China s regime is about to put its candidate into the Oval Office CCP CCPChina JoeBiden Election2020,1416.0,463.0
266335,2020-10-31 22:30:00, TomFitton Big Tech amp Media SUPPRESSING Biden Burisma Scandal They re Deceiving the Public Read more at,1168.0,460.0
259342,2020-10-31 13:48:41, realDonaldTrump Nothing JoeBiden does is worse than having Donald Trump as president another 4 years 🙄 VoteTrump2020 TrumpIsUnfitForOffice,887.0,52.0
