Index,created_at,tweet,likes,retweet_count
380950,2020-10-31 22:57:15, A global health expert tweeted that COVID 19 is the third leading cause of death in the United States Hey credit where credit is due please I think you mean DONALDTRUMP is the third leading cause of death in the U S ,4271.0,571.0
373912,2020-10-31 17:05:38, realDonaldTrump seems fatigued Weak Low energy Slowed speech can t get the words out Half hearted Defeated It s like he s tired of hearing his own bullshit at this point Trump,1730.0,222.0
381811,2020-10-31 23:42:49, Hold your nose and vote for Trump — again My column on the U S presidential ElectionDay on Tuesday ,1308.0,170.0
369180,2020-10-31 13:14:06, Undecided Asian American voters are sharing this video of a Korean grandmother explaining her vote for JoeBiden why she doesn t trust Trump amp how to make kimchi 25K views on FB Shot by annabelpark amp edited by me VoteHimOut AAPAIsForBiden AAPI Biden Vote2020,1289.0,295.0
359744,2020-10-31 00:00:01, Trump s daily approval numbers for the week Mon 52 Tue 51 Wed 52 Thurs 52 Fri 51 ,883.0,207.0
